"","x","y"
"1",-8,-81.5138811314523
"2",-7.99,-59.1801862502558
"3",-7.98,-85.7305014853537
"4",-7.97,-82.488415513473
"5",-7.96,-104.514744012476
"6",-7.95,-108.345109174531
"7",-7.94,-117.730581418518
"8",-7.93,-118.802063529811
"9",-7.92,-137.074860387563
"10",-7.91,-140.972137580756
"11",-7.9,-137.358970219009
"12",-7.89,-161.733796607029
"13",-7.88,-175.212894381267
"14",-7.87,-153.244207278712
"15",-7.86,-182.92701205685
"16",-7.85,-181.759878868971
"17",-7.84,-198.665503644964
"18",-7.83,-216.893343260591
"19",-7.82,-229.913205995945
"20",-7.81,-211.278513782102
"21",-7.8,-231.46794566724
"22",-7.79,-227.558074156111
"23",-7.78,-212.207128452206
"24",-7.77,-240.226697801742
"25",-7.76,-246.809785144451
"26",-7.75,-264.301248605662
"27",-7.74,-274.3599449811
"28",-7.73,-280.723453763803
"29",-7.72,-292.073566384535
"30",-7.71,-275.152154652361
"31",-7.7,-288.124616415275
"32",-7.69,-275.534077473585
"33",-7.68,-291.222023953666
"34",-7.67,-304.231808012309
"35",-7.66,-309.601635882901
"36",-7.65,-294.094433908287
"37",-7.64,-307.935598180677
"38",-7.63,-310.454096743511
"39",-7.62,-302.628744145895
"40",-7.61,-305.227811962095
"41",-7.6,-333.254253159787
"42",-7.59,-327.218409702098
"43",-7.58,-318.858201421976
"44",-7.57,-321.556657378042
"45",-7.56,-319.691058769315
"46",-7.55,-342.078451374955
"47",-7.54,-347.209143608861
"48",-7.53,-364.257384781638
"49",-7.52,-332.94808702172
"50",-7.51,-351.598592814322
"51",-7.5,-349.65937636679
"52",-7.49,-356.156450918519
"53",-7.48,-344.590714186526
"54",-7.47,-366.442630492971
"55",-7.46,-375.610983846155
"56",-7.45,-371.190064713308
"57",-7.44,-377.51450043665
"58",-7.43,-377.393769821271
"59",-7.42,-372.025863329908
"60",-7.41,-365.29517755584
"61",-7.4,-367.806321736023
"62",-7.39,-366.312904616881
"63",-7.38,-384.739053887691
"64",-7.37,-383.847390315991
"65",-7.36,-371.2738637548
"66",-7.35,-381.168313430134
"67",-7.34,-371.839824382045
"68",-7.33,-389.138215799635
"69",-7.32,-399.954633312327
"70",-7.31,-380.472695701624
"71",-7.3,-383.839959664042
"72",-7.29,-360.592356886219
"73",-7.28,-387.278283184452
"74",-7.27,-398.974899142499
"75",-7.26,-383.414070722561
"76",-7.25,-388.443293189162
"77",-7.24,-376.718512787243
"78",-7.23,-383.767061046722
"79",-7.22,-380.503094044723
"80",-7.21,-402.118174033328
"81",-7.2,-374.720812925087
"82",-7.19,-390.210620200533
"83",-7.18,-374.525987622413
"84",-7.17,-408.804967111487
"85",-7.16,-386.429704000725
"86",-7.15,-376.63603183011
"87",-7.14,-375.897095005174
"88",-7.13,-371.829128293574
"89",-7.12,-375.169851270973
"90",-7.11,-360.43779131069
"91",-7.1,-377.146696664984
"92",-7.09,-390.180762902748
"93",-7.08,-374.350555220101
"94",-7.07,-372.031379305762
"95",-7.06,-381.165814535988
"96",-7.05,-378.730425102293
"97",-7.04,-365.237245523588
"98",-7.03,-379.993761279279
"99",-7.02,-378.200058233876
"100",-7.01,-341.818452471468
"101",-7,-366.549405356464
"102",-6.99,-351.688834560655
"103",-6.98,-359.643633761072
"104",-6.97,-362.400541186503
"105",-6.96,-360.252969472859
"106",-6.95,-359.906045574395
"107",-6.94,-345.823811514015
"108",-6.93,-350.992425010438
"109",-6.92,-342.151401937278
"110",-6.91,-340.244015799105
"111",-6.9,-354.096178174534
"112",-6.89,-336.496187536666
"113",-6.88,-340.270662247445
"114",-6.87,-321.529596030727
"115",-6.86,-340.02203627412
"116",-6.85,-336.805683750624
"117",-6.84,-338.629712154895
"118",-6.83,-320.424923559012
"119",-6.82,-328.10234556333
"120",-6.81,-321.084097455403
"121",-6.8,-313.627538294584
"122",-6.79,-316.793091948535
"123",-6.78,-322.56129433789
"124",-6.77,-315.812696091606
"125",-6.76,-318.420791313405
"126",-6.75,-320.882822100199
"127",-6.74,-310.107361203216
"128",-6.73,-320.380199706372
"129",-6.72,-301.833639971406
"130",-6.71,-314.759654746984
"131",-6.7,-304.873135251898
"132",-6.69,-317.802516474832
"133",-6.68,-299.908505277841
"134",-6.67,-290.641542758367
"135",-6.66,-294.446885047259
"136",-6.65,-278.364501180338
"137",-6.64,-281.196066906072
"138",-6.63,-307.880831716593
"139",-6.62,-292.141905149679
"140",-6.61,-283.953180449866
"141",-6.6,-306.888951271097
"142",-6.59,-278.304951507845
"143",-6.58,-272.454143814058
"144",-6.57,-283.564731643225
"145",-6.56,-276.48454799746
"146",-6.55,-273.296620764018
"147",-6.54,-275.860906876468
"148",-6.53,-282.783353305834
"149",-6.52,-277.569187528827
"150",-6.51,-277.225250974285
"151",-6.5,-272.014107588634
"152",-6.49,-262.740547988488
"153",-6.48,-257.011041231493
"154",-6.47,-253.855351930226
"155",-6.46,-267.262004918645
"156",-6.45,-257.403143681049
"157",-6.44,-262.948538131115
"158",-6.43,-259.264728368689
"159",-6.42,-248.583135061983
"160",-6.41,-241.611425285398
"161",-6.4,-246.055375195634
"162",-6.39,-248.850810087815
"163",-6.38,-224.001167696876
"164",-6.37,-234.619999770462
"165",-6.36,-246.696431225613
"166",-6.35,-212.720953031153
"167",-6.34,-231.300576542507
"168",-6.33,-234.846817677771
"169",-6.32,-263.872180716043
"170",-6.31,-229.731074302373
"171",-6.3,-227.239708984076
"172",-6.29,-229.082939098852
"173",-6.28,-219.030280236285
"174",-6.27,-236.949973933519
"175",-6.26,-210.698668781293
"176",-6.25,-226.885536787616
"177",-6.24,-220.3198874798
"178",-6.23,-217.534019862419
"179",-6.22,-236.572845508569
"180",-6.21,-206.132832290548
"181",-6.2,-230.940639978602
"182",-6.19,-202.856312847115
"183",-6.18,-219.865613551304
"184",-6.17,-207.711379517926
"185",-6.16,-223.621430148653
"186",-6.15,-197.278139006641
"187",-6.14,-207.340122552368
"188",-6.13,-186.312752235818
"189",-6.12,-207.940548195166
"190",-6.11,-192.05625824178
"191",-6.1,-211.035821536632
"192",-6.09,-201.370721030027
"193",-6.08,-198.377902824089
"194",-6.07,-189.82211481911
"195",-6.06,-195.034792061427
"196",-6.05,-175.059003974427
"197",-6.04,-191.093208624429
"198",-6.03,-184.980101831065
"199",-6.02,-190.763456230355
"200",-6.01,-187.421458227715
"201",-6,-193.86417187071
"202",-5.99,-190.465629273154
"203",-5.98,-180.171477038786
"204",-5.97,-179.607755208006
"205",-5.96,-164.565976541915
"206",-5.95,-171.151330388539
"207",-5.94,-165.825503328347
"208",-5.93,-182.027018286297
"209",-5.92,-179.141235637472
"210",-5.91,-153.276962033045
"211",-5.9,-163.788022583653
"212",-5.89,-156.997642464109
"213",-5.88,-165.391338165056
"214",-5.87,-166.794139018985
"215",-5.86,-169.196594098213
"216",-5.85,-161.714270679582
"217",-5.84,-149.57447200469
"218",-5.83,-141.617192936411
"219",-5.82,-163.61560863345
"220",-5.81,-156.930850975445
"221",-5.8,-164.445384768919
"222",-5.79,-166.817353368562
"223",-5.78,-157.774777400935
"224",-5.77,-147.206509970599
"225",-5.76,-144.168105379
"226",-5.75,-158.113512928411
"227",-5.74,-133.874172717944
"228",-5.73,-143.709144223489
"229",-5.72,-154.60876355285
"230",-5.71,-132.534131100145
"231",-5.7,-119.604772011546
"232",-5.69,-158.666885787335
"233",-5.68,-135.803016834225
"234",-5.67,-139.348214246444
"235",-5.66,-128.233589897148
"236",-5.65,-153.337545849455
"237",-5.64,-129.240829380563
"238",-5.63,-130.764334760947
"239",-5.62,-126.396332300099
"240",-5.61,-131.44642526448
"241",-5.6,-111.805493920435
"242",-5.59,-131.501898166887
"243",-5.58,-139.970685330255
"244",-5.57,-123.037020585315
"245",-5.56,-112.057976885513
"246",-5.55,-120.748917924311
"247",-5.54,-108.267741660893
"248",-5.53,-131.45909918607
"249",-5.52,-126.504475892719
"250",-5.51,-137.995121650093
"251",-5.5,-124.069778662145
"252",-5.49,-115.466436608162
"253",-5.48,-112.403418641867
"254",-5.47,-118.248565810071
"255",-5.46,-120.961055204349
"256",-5.45,-113.233702937084
"257",-5.44,-104.729721163095
"258",-5.43,-113.601958399749
"259",-5.42,-104.560100649665
"260",-5.41,-107.739695711415
"261",-5.4,-122.702919480377
"262",-5.39,-109.889174392607
"263",-5.38,-106.727833579295
"264",-5.37,-111.545009509032
"265",-5.36,-107.956070092017
"266",-5.35,-120.087113576766
"267",-5.34,-120.265797134298
"268",-5.33,-90.7134583937707
"269",-5.32,-114.961769604027
"270",-5.31,-108.21571062414
"271",-5.3,-100.396877073876
"272",-5.29,-94.8487743139287
"273",-5.28,-100.069010677164
"274",-5.27,-89.8089422069726
"275",-5.26,-90.3859743500992
"276",-5.25,-110.788558573259
"277",-5.24,-106.084835060867
"278",-5.23,-99.473724256112
"279",-5.22,-110.723279073333
"280",-5.21,-88.0637714482834
"281",-5.2,-114.547889310081
"282",-5.19,-93.3946906315976
"283",-5.18,-108.711066382614
"284",-5.17,-102.805123163807
"285",-5.16,-106.300986526154
"286",-5.15,-92.6572022027803
"287",-5.14,-82.4120116299032
"288",-5.13,-114.580190798171
"289",-5.12,-121.107373844755
"290",-5.11,-104.335054351901
"291",-5.1,-117.055310425989
"292",-5.09,-77.6731088735428
"293",-5.08,-98.7729734138081
"294",-5.07,-95.4605983053331
"295",-5.06,-106.255550673087
"296",-5.05,-93.3118571251489
"297",-5.04,-101.270128330083
"298",-5.03,-84.8544076002876
"299",-5.02,-80.8686370213249
"300",-5.01,-97.0082101017712
"301",-5,-79.0081818964366
"302",-4.99,-110.783529439982
"303",-4.98,-83.3286755523902
"304",-4.97,-93.7232539160621
"305",-4.96,-94.4412132208143
"306",-4.95,-92.5544548950735
"307",-4.94,-108.047549883054
"308",-4.93,-101.258153019802
"309",-4.92,-93.6208268806143
"310",-4.91,-115.741168535055
"311",-4.9,-90.3666426880839
"312",-4.89,-98.0609480166439
"313",-4.88,-82.607685576965
"314",-4.87,-86.4993137248894
"315",-4.86,-94.5557159619661
"316",-4.85,-76.7010613892995
"317",-4.84,-89.317591356639
"318",-4.83,-93.2257386693897
"319",-4.82,-86.2346009369813
"320",-4.81,-87.2253182403498
"321",-4.8,-80.3417253323318
"322",-4.79,-77.1289597140045
"323",-4.78,-79.6252848978642
"324",-4.77,-56.984620380862
"325",-4.76,-64.6004779484917
"326",-4.75,-81.600508797529
"327",-4.74,-85.1198169936982
"328",-4.73,-96.6077821105231
"329",-4.72,-86.6746064943578
"330",-4.71,-72.5110808015525
"331",-4.7,-70.3403749251962
"332",-4.69,-68.4591354026714
"333",-4.68,-46.6473720777322
"334",-4.67,-73.9737059478698
"335",-4.66,-64.6439861854472
"336",-4.65,-62.063526596955
"337",-4.64,-60.4185893731858
"338",-4.63,-68.6066837089868
"339",-4.62,-54.7036750078631
"340",-4.61,-58.0583417751562
"341",-4.6,-81.1443192684798
"342",-4.59,-45.3568150620467
"343",-4.58,-65.3249511580565
"344",-4.57,-66.9030429615194
"345",-4.56,-72.0762201694859
"346",-4.55,-48.0228967407372
"347",-4.54,-61.3835962438883
"348",-4.53,-49.9894923393326
"349",-4.52,-73.3101349751521
"350",-4.51,-51.0678795787776
"351",-4.5,-62.1903495798045
"352",-4.49,-49.6597182403946
"353",-4.48,-45.6196072139327
"354",-4.47,-56.301942557589
"355",-4.46,-32.6429285926465
"356",-4.45,-47.1997449529753
"357",-4.44,-47.5721891863307
"358",-4.43,-29.7069501731446
"359",-4.42,-41.9369737100774
"360",-4.41,-34.538728297242
"361",-4.4,-34.093288422534
"362",-4.39,-39.5445348757293
"363",-4.38,-16.1123568593014
"364",-4.37,-20.1653542583102
"365",-4.36,-10.362971932607
"366",-4.35,-18.7790133272063
"367",-4.34,-44.3400644306682
"368",-4.33,-23.6100390788959
"369",-4.32,-27.8645218746475
"370",-4.31,-13.4952618678936
"371",-4.3,-29.5053611916136
"372",-4.29,-25.9152346842342
"373",-4.28,-10.4415043738676
"374",-4.27,-9.65730738383624
"375",-4.26,1.25982853697943
"376",-4.25,-9.73528927846736
"377",-4.24,2.20200117333068
"378",-4.23,-13.8640562181893
"379",-4.22,1.23227844312403
"380",-4.21,-11.2941774777229
"381",-4.2,-9.24212288939667
"382",-4.19,-1.73218460406347
"383",-4.18,7.80682299387144
"384",-4.17,-9.60394928146199
"385",-4.16,-0.808751607575374
"386",-4.15,6.53249149418189
"387",-4.14,-3.77734222049382
"388",-4.13,3.28254935980778
"389",-4.12,3.90357055109482
"390",-4.11,-0.133282691566325
"391",-4.1,0.846033303655962
"392",-4.09,21.5095789120778
"393",-4.08,17.0741615183027
"394",-4.07,9.27335599839856
"395",-4.06,6.54091537509895
"396",-4.05,5.18871070385636
"397",-4.04,18.0111482190932
"398",-4.03,6.96713260074843
"399",-4.02,8.24607493763408
"400",-4.01,8.29885996691084
"401",-4,15.850967398037
"402",-3.99,-4.03122819315875
"403",-3.98,2.99198785795739
"404",-3.97,3.50115335590518
"405",-3.96,11.8911840051107
"406",-3.95,4.00211731741178
"407",-3.94,14.5261574256969
"408",-3.93,7.3285640931042
"409",-3.92,17.6034330841665
"410",-3.91,-16.6186363463343
"411",-3.9,14.2772353044997
"412",-3.89,13.5418759084612
"413",-3.88,27.7862636550017
"414",-3.87,13.7190948998298
"415",-3.86,15.5779313014946
"416",-3.85,19.0388054277376
"417",-3.84,11.2398884108125
"418",-3.83,18.321553799053
"419",-3.82,21.2223617772385
"420",-3.81,-4.16922680743354
"421",-3.8,17.2494025151031
"422",-3.79,7.58803985153158
"423",-3.78,14.0022316587171
"424",-3.77,8.56339803888454
"425",-3.76,11.7855797935073
"426",-3.75,15.8785850865002
"427",-3.74,5.13207981698033
"428",-3.73,-6.75665085918449
"429",-3.72,5.77740547572823
"430",-3.71,-9.28436884899691
"431",-3.7,-7.16719079544704
"432",-3.69,-23.4178305299078
"433",-3.68,-11.4172534178754
"434",-3.67,0.538549056159629
"435",-3.66,6.05888711171203
"436",-3.65,-18.1983834581895
"437",-3.64,-7.44370610299415
"438",-3.63,-4.50701040066065
"439",-3.62,-4.8558909981536
"440",-3.61,0.306874231663731
"441",-3.6,0.358902947067458
"442",-3.59,-11.1038611626699
"443",-3.58,-24.5938156806626
"444",-3.57,-12.914496667192
"445",-3.56,-19.6108975727367
"446",-3.55,-13.6372341186897
"447",-3.54,-20.5689081688484
"448",-3.53,-23.2534706373866
"449",-3.52,-26.383122271952
"450",-3.51,-13.1085663685982
"451",-3.5,-23.5218176640264
"452",-3.49,-26.2607432685966
"453",-3.48,-23.321481916949
"454",-3.47,-26.9685666515283
"455",-3.46,-21.9512365063847
"456",-3.45,-23.6364243212259
"457",-3.44,-2.66276746827357
"458",-3.43,-14.014562964569
"459",-3.42,2.13678201500819
"460",-3.41,-48.4610636719632
"461",-3.4,-38.0912334381884
"462",-3.39,-23.5127045263697
"463",-3.38,-6.73700109181119
"464",-3.37,-3.97373561562078
"465",-3.36,-28.0748488597028
"466",-3.35,-32.621655424817
"467",-3.34,-36.4785196488239
"468",-3.33,-22.5660670336043
"469",-3.32,-22.6829431928453
"470",-3.31,-27.2033405374793
"471",-3.3,-29.33864261154
"472",-3.29,-27.0522630798065
"473",-3.28,-47.2095776861153
"474",-3.27,-23.0044454065116
"475",-3.26,-39.4888753870985
"476",-3.25,-34.3805510172834
"477",-3.24,-31.1348762018956
"478",-3.23,-27.1713248461295
"479",-3.22,-41.7588792423555
"480",-3.21,-28.5013300494938
"481",-3.2,-27.6264872638929
"482",-3.19,-24.9133869779716
"483",-3.18,-43.3021033379522
"484",-3.17,-39.1982637332262
"485",-3.16,-32.554210267947
"486",-3.15,-34.369258716528
"487",-3.14,-22.8015010572599
"488",-3.13,-26.5095058014341
"489",-3.12,-29.036326939384
"490",-3.11,-32.9380511015625
"491",-3.1,-30.8025774085546
"492",-3.09,-40.3269022941259
"493",-3.08,-52.9824951835777
"494",-3.07,-45.8744203330452
"495",-3.06,-25.859681507292
"496",-3.05,-21.2415988637697
"497",-3.04,-31.1825788801576
"498",-3.03,-38.5977846912459
"499",-3.02,-26.3262397993776
"500",-3.01,-34.4678437230197
"501",-3,-28.0209573800082
"502",-2.99,-25.8420021914059
"503",-2.98,-32.5785314313239
"504",-2.97,-34.4206175186151
"505",-2.96,-24.3959077523906
"506",-2.95,-24.6523295604093
"507",-2.94,-27.7853630129495
"508",-2.93,-31.0432833717044
"509",-2.92,-18.9898637428801
"510",-2.91,-40.9124109876897
"511",-2.9,-48.4341649862035
"512",-2.89,-32.4435111342305
"513",-2.88,-22.3891877754923
"514",-2.87,-40.7979985937961
"515",-2.86,-21.283697660919
"516",-2.85,-21.5494643234671
"517",-2.84,-20.4692156134096
"518",-2.83,-36.3919344382252
"519",-2.82,-33.8072617879517
"520",-2.81,-26.513038668711
"521",-2.8,-18.835014007323
"522",-2.79,-28.3940483796374
"523",-2.78,-39.3057940096703
"524",-2.77,-17.9720443225888
"525",-2.76,-26.1775422953548
"526",-2.75,-31.2213503126184
"527",-2.74,-37.4630672449076
"528",-2.73,-22.9231359232072
"529",-2.72,-12.6113222972241
"530",-2.71,-30.9215204012023
"531",-2.7,2.08397268731795
"532",-2.69,-26.1967280694875
"533",-2.68,-17.1987000102657
"534",-2.67,-19.8627127640264
"535",-2.66,-21.7107027032634
"536",-2.65,0.47217075037805
"537",-2.64,-14.2358937649837
"538",-2.63,-31.9946751368199
"539",-2.62,-10.146888495806
"540",-2.61,5.98381728705627
"541",-2.6,-8.64741549388622
"542",-2.59,-21.939558938367
"543",-2.58,-0.0942316697904804
"544",-2.57,-2.2722512797596
"545",-2.56,-3.72310010696129
"546",-2.55,-19.4101986324932
"547",-2.54,-16.6378212267953
"548",-2.53,-8.4925779637472
"549",-2.52,-15.3076948594821
"550",-2.51,-8.59122486553047
"551",-2.5,-14.4398336557541
"552",-2.49,-30.9059811281132
"553",-2.48,-4.83722409721007
"554",-2.47,-40.9757746479401
"555",-2.46,0.510875116716326
"556",-2.45,-37.7441737769303
"557",-2.44,-30.6617224847043
"558",-2.43,-8.39535046555325
"559",-2.42,-22.7862863921825
"560",-2.41,-30.9760026339374
"561",-2.4,-22.4867513095936
"562",-2.39,-17.0593694566233
"563",-2.38,-15.2090541436885
"564",-2.37,5.25883692442346
"565",-2.36,-0.725451465912485
"566",-2.35,2.56750269423248
"567",-2.34,-26.0658920390847
"568",-2.33,0.349144416224622
"569",-2.32,-0.822551698904994
"570",-2.31,-30.5925921522516
"571",-2.3,-15.3242946322256
"572",-2.29,-20.0249133750726
"573",-2.28,-7.50786942052859
"574",-2.27,-3.97032310514703
"575",-2.26,-7.63067305303818
"576",-2.25,-5.42532898502686
"577",-2.24,-38.4154051953547
"578",-2.23,-13.2384376842101
"579",-2.22,-23.6490728061392
"580",-2.21,-4.50114868675423
"581",-2.2,-6.76024649869411
"582",-2.19,-19.4344198635229
"583",-2.18,-5.29863644250341
"584",-2.17,-11.5631576638699
"585",-2.16,-35.0533169044308
"586",-2.15,-9.5352307896068
"587",-2.14,-7.20069724094978
"588",-2.13,-23.7610609907361
"589",-2.12,-27.5605627450229
"590",-2.11,-28.8687151246278
"591",-2.1,-9.07513114103978
"592",-2.09,-23.135700202979
"593",-2.08,-16.7808204771232
"594",-2.07,-13.2386468951528
"595",-2.06,-8.60906483787595
"596",-2.05,-16.7628585810744
"597",-2.04,-43.4178080147173
"598",-2.03,-20.0122660626731
"599",-2.02,-16.216702553149
"600",-2.01,-20.8814415719565
"601",-2,-1.30859661012757
"602",-1.99,-16.0473856157091
"603",-1.98,-25.5580979416361
"604",-1.97,-19.8366330242932
"605",-1.96,-13.8136403272755
"606",-1.95,-30.4723683900554
"607",-1.94,-17.9479513218224
"608",-1.93,-26.2281527189981
"609",-1.92,-27.4183350849131
"610",-1.91,-34.3780039746095
"611",-1.9,-36.9783386393751
"612",-1.89,-35.1202392725572
"613",-1.88,-24.6889519236718
"614",-1.87,-37.5462250472187
"615",-1.86,0.293184306096736
"616",-1.85,-15.8281078722296
"617",-1.84,-35.7061987549177
"618",-1.83,-28.6222845493257
"619",-1.82,-25.7595475965672
"620",-1.81,-36.635900692063
"621",-1.8,-18.1107751866675
"622",-1.79,-12.0744420446771
"623",-1.78,-35.9776613178328
"624",-1.77,-31.1708996523318
"625",-1.76,-28.1083800921451
"626",-1.75,-27.2399976265779
"627",-1.74,-18.7875371575488
"628",-1.73,-40.1504282375103
"629",-1.72,-37.5127872572153
"630",-1.71,-47.3670624061532
"631",-1.7,-42.3303932259162
"632",-1.69,-14.7872024776933
"633",-1.68,-30.2466812685822
"634",-1.67,-21.1245835293792
"635",-1.66,-26.5847734898872
"636",-1.65,-24.109971595156
"637",-1.64,-33.7923187970469
"638",-1.63,-33.9954763551306
"639",-1.62,-37.5906928300259
"640",-1.61,-23.5103083411444
"641",-1.6,-14.1742405151872
"642",-1.59,-49.3572874099847
"643",-1.58,-47.9009422045338
"644",-1.57,-15.0055977689847
"645",-1.56,-30.7125654995076
"646",-1.55,-35.5659361547905
"647",-1.54,-45.6149862120332
"648",-1.53,-43.3912249530357
"649",-1.52,-38.9109017798054
"650",-1.51,-35.4897974551953
"651",-1.5,-37.3948695719578
"652",-1.49,-29.7208542411788
"653",-1.48,-51.0560660817643
"654",-1.47,-56.659552738347
"655",-1.46,-39.2983471597414
"656",-1.45,-29.7467310554462
"657",-1.44,-40.1926947227956
"658",-1.43,-64.8715054251474
"659",-1.42,-56.9819312527168
"660",-1.41,-51.4778752631959
"661",-1.4,-48.1765172458683
"662",-1.39,-30.1220796397754
"663",-1.38,-64.208732760467
"664",-1.37,-46.0587400218218
"665",-1.36,-42.7641671178291
"666",-1.35,-58.7434673911315
"667",-1.34,-58.4332143708686
"668",-1.33,-60.2175163571093
"669",-1.32,-62.7775132436426
"670",-1.31,-47.589554900635
"671",-1.3,-49.9226329791012
"672",-1.29,-55.8011688692063
"673",-1.28,-54.4981762088064
"674",-1.27,-55.2032590606581
"675",-1.26,-46.5436429186773
"676",-1.25,-67.1225789899793
"677",-1.24,-72.892490173301
"678",-1.23,-65.6278858930574
"679",-1.22,-54.9037086422425
"680",-1.21,-53.3456303510159
"681",-1.2,-54.7845627711605
"682",-1.19,-66.771918980151
"683",-1.18,-75.124600263052
"684",-1.17,-65.8681592997745
"685",-1.16,-82.9347964728896
"686",-1.15,-42.8682925236505
"687",-1.14,-76.1027573840759
"688",-1.13,-75.1396889299354
"689",-1.12,-76.8802031616385
"690",-1.11,-77.6995039229843
"691",-1.1,-54.7754059782046
"692",-1.09,-75.5520034942784
"693",-1.08,-59.4138305631389
"694",-1.07,-63.3037647873096
"695",-1.06,-79.7439194599993
"696",-1.05,-84.5756103674998
"697",-1.04,-75.5920330453292
"698",-1.03,-88.8424044294596
"699",-1.02,-69.8275852246544
"700",-1.01,-74.1051736788214
"701",-1,-100.126927178549
"702",-0.99,-69.386708736724
"703",-0.98,-74.0700185021346
"704",-0.97,-68.3487542765737
"705",-0.96,-75.7440631617457
"706",-0.95,-74.0463598051451
"707",-0.94,-70.3929084151276
"708",-0.93,-83.2890684678008
"709",-0.92,-90.2142878705197
"710",-0.91,-89.3323767515675
"711",-0.899999999999999,-87.4996612980997
"712",-0.89,-90.1738134738052
"713",-0.88,-96.0986996767196
"714",-0.87,-92.69730897977
"715",-0.859999999999999,-93.1780983058981
"716",-0.85,-69.2286621501055
"717",-0.84,-82.2765436474216
"718",-0.83,-80.5344750228231
"719",-0.82,-112.177637830827
"720",-0.81,-74.9037730328885
"721",-0.8,-90.0815241695635
"722",-0.79,-83.5516078589872
"723",-0.78,-88.9722354800348
"724",-0.77,-78.6872858267082
"725",-0.76,-70.4148771668798
"726",-0.75,-90.2615584564055
"727",-0.74,-95.3639033734157
"728",-0.73,-93.331819913003
"729",-0.72,-106.246746951381
"730",-0.71,-89.3513445768279
"731",-0.7,-85.3597801234577
"732",-0.69,-95.7569927887207
"733",-0.68,-70.9158255465537
"734",-0.67,-78.5443743698968
"735",-0.66,-89.1323351166662
"736",-0.649999999999999,-99.7972707802986
"737",-0.64,-85.5068758233844
"738",-0.63,-92.4567961164535
"739",-0.62,-75.3651565161999
"740",-0.609999999999999,-99.3373609267851
"741",-0.6,-89.1315556213363
"742",-0.59,-100.381102033523
"743",-0.58,-94.7814394263492
"744",-0.57,-89.5297617971178
"745",-0.56,-84.9389923990034
"746",-0.55,-76.2175312158177
"747",-0.54,-75.8437893430319
"748",-0.53,-93.7460066547469
"749",-0.52,-75.8141294858162
"750",-0.51,-84.1919492844187
"751",-0.5,-58.8305214851851
"752",-0.49,-89.9520721878184
"753",-0.48,-90.0294529069294
"754",-0.47,-74.1558955999061
"755",-0.46,-92.2652573572559
"756",-0.45,-74.8127017248421
"757",-0.44,-65.604677146555
"758",-0.43,-76.5190407978205
"759",-0.42,-54.3948557463073
"760",-0.41,-52.2480266448863
"761",-0.399999999999999,-67.8267979284477
"762",-0.39,-73.8641597657561
"763",-0.38,-68.7796056987757
"764",-0.37,-57.3936036255562
"765",-0.359999999999999,-62.234646344996
"766",-0.35,-67.4840253925473
"767",-0.34,-50.5837700055588
"768",-0.33,-87.1444084782073
"769",-0.32,-29.0993445529789
"770",-0.31,-61.055970647235
"771",-0.3,-48.696882351066
"772",-0.29,-51.3459542328416
"773",-0.28,-48.587245968714
"774",-0.27,-65.8645077675376
"775",-0.26,-56.724660985633
"776",-0.25,-49.803359468386
"777",-0.24,-41.4602001460252
"778",-0.23,-34.9814650835893
"779",-0.22,-53.9789575307545
"780",-0.21,-42.884910425004
"781",-0.2,-50.7211018962895
"782",-0.19,-60.3610977231538
"783",-0.18,-29.7125677891447
"784",-0.17,-76.1252714197861
"785",-0.16,-55.0576644411604
"786",-0.149999999999999,-40.0716181717147
"787",-0.14,-28.8236733755103
"788",-0.13,-36.8900547268742
"789",-0.12,-44.1320794397192
"790",-0.109999999999999,-55.2603051819456
"791",-0.0999999999999996,-41.4570767993048
"792",-0.0899999999999999,-37.0406503690653
"793",-0.0800000000000001,-57.8269741161771
"794",-0.0699999999999994,-43.4301556701328
"795",-0.0599999999999996,-36.1771456380224
"796",-0.0499999999999998,-58.9023561560127
"797",-0.04,-61.9729796909502
"798",-0.0300000000000002,-49.3669701101282
"799",-0.0199999999999996,-47.7210837172862
"800",-0.00999999999999979,-40.7932562764957
"801",0,-45.7238203625773
"802",0.00999999999999979,-47.3695688535758
"803",0.0199999999999996,-59.6368242727278
"804",0.0299999999999994,-38.548963818964
"805",0.0400000000000009,-39.5770301815248
"806",0.0500000000000007,-51.1146185290119
"807",0.0600000000000005,-55.186488304281
"808",0.0700000000000003,-39.4640442968219
"809",0.0800000000000001,-54.357058088554
"810",0.0899999999999999,-23.902274332507
"811",0.0999999999999996,-54.8118221746834
"812",0.109999999999999,-31.0761982942529
"813",0.120000000000001,-50.7526559034069
"814",0.130000000000001,-50.7368715947837
"815",0.140000000000001,-36.3130877164831
"816",0.15,-45.0794856789026
"817",0.16,-56.4946695812584
"818",0.17,-33.2156888094476
"819",0.18,-60.1505061319715
"820",0.19,-67.5093229874533
"821",0.199999999999999,-61.2555533169307
"822",0.210000000000001,-59.8821327388959
"823",0.220000000000001,-64.4938722516521
"824",0.23,-51.0501047577921
"825",0.24,-52.5868498476847
"826",0.25,-47.4549410287129
"827",0.26,-52.9461423046868
"828",0.27,-59.4662771420964
"829",0.279999999999999,-57.3607854082933
"830",0.290000000000001,-55.3210469222363
"831",0.300000000000001,-65.312797335613
"832",0.31,-75.8187169887873
"833",0.32,-68.064491268559
"834",0.33,-60.4014433601792
"835",0.34,-57.4680525763554
"836",0.35,-87.5192784847694
"837",0.359999999999999,-75.3428958144906
"838",0.370000000000001,-75.2348904684651
"839",0.380000000000001,-70.0866150329688
"840",0.390000000000001,-82.7216466125554
"841",0.4,-77.2865614486483
"842",0.41,-67.5170662352422
"843",0.42,-50.7825210034256
"844",0.43,-82.0204436973372
"845",0.44,-82.7442027976495
"846",0.449999999999999,-86.8526491384307
"847",0.460000000000001,-94.1830647262109
"848",0.470000000000001,-88.2700000028726
"849",0.48,-80.006637845897
"850",0.49,-68.7254260185493
"851",0.5,-95.1448601880863
"852",0.51,-78.8631604799723
"853",0.52,-92.2429454934193
"854",0.529999999999999,-89.2662861129212
"855",0.540000000000001,-86.0468702657324
"856",0.550000000000001,-80.7264946667534
"857",0.56,-85.4204413324331
"858",0.57,-98.5667489208017
"859",0.58,-89.8241155922196
"860",0.59,-92.5439983379475
"861",0.6,-91.7750961298275
"862",0.609999999999999,-97.844705051776
"863",0.620000000000001,-87.8131540240984
"864",0.630000000000001,-101.036110154244
"865",0.640000000000001,-93.9952018694668
"866",0.65,-100.346288829433
"867",0.66,-97.5569561854586
"868",0.67,-88.3277421607782
"869",0.68,-84.9672828205396
"870",0.69,-95.7813885706616
"871",0.700000000000001,-84.7944229589489
"872",0.710000000000001,-114.613274125888
"873",0.720000000000001,-107.185875950525
"874",0.73,-87.4517342137398
"875",0.74,-81.4264909006116
"876",0.75,-100.136469451949
"877",0.76,-94.104439627773
"878",0.77,-115.921842951966
"879",0.779999999999999,-92.8234441246586
"880",0.790000000000001,-120.064455579936
"881",0.800000000000001,-94.8087017102391
"882",0.81,-103.652315949641
"883",0.82,-83.4799844753152
"884",0.83,-95.7321651702536
"885",0.84,-95.5035726749726
"886",0.85,-79.3649401138849
"887",0.859999999999999,-120.598057571203
"888",0.870000000000001,-99.2300437790518
"889",0.880000000000001,-74.4086719037016
"890",0.890000000000001,-97.1463594384612
"891",0.9,-86.5390141762716
"892",0.91,-85.0451995387424
"893",0.92,-106.410755972122
"894",0.93,-94.5846294543309
"895",0.94,-75.4947515975427
"896",0.950000000000001,-71.1572257594423
"897",0.960000000000001,-93.9694069679874
"898",0.970000000000001,-90.9281585485882
"899",0.98,-89.5265085877136
"900",0.99,-83.4916047005683
"901",1,-98.41493432045
"902",1.01,-88.1194636273427
"903",1.02,-73.2986606680462
"904",1.03,-83.4231003625482
"905",1.04,-88.2279894283332
"906",1.05,-74.7481838577522
"907",1.06,-88.0149465732254
"908",1.07,-86.8753120490923
"909",1.08,-76.6852680547653
"910",1.09,-76.3057307426383
"911",1.1,-72.6944644481977
"912",1.11,-69.6044632996985
"913",1.12,-78.0490581361524
"914",1.13,-76.2110398672164
"915",1.14,-85.3246609673833
"916",1.15,-72.0408935285979
"917",1.16,-90.4710389744099
"918",1.17,-91.3197583750692
"919",1.18,-70.6425061574467
"920",1.19,-92.5184624911797
"921",1.2,-52.5598643134372
"922",1.21,-72.0176486102265
"923",1.22,-64.5705068850651
"924",1.23,-60.65875077042
"925",1.24,-54.3421245415771
"926",1.25,-60.6617326559127
"927",1.26,-83.9427302335928
"928",1.27,-63.27165373048
"929",1.28,-77.6906887457605
"930",1.29,-59.9111520139815
"931",1.3,-37.3918519133699
"932",1.31,-72.7888899122249
"933",1.32,-51.5324967640763
"934",1.33,-47.899535859135
"935",1.34,-57.1672442635818
"936",1.35,-52.4761375974921
"937",1.36,-71.6990170969471
"938",1.37,-47.112866657428
"939",1.38,-66.2607073527448
"940",1.39,-57.2746596957035
"941",1.4,-76.8888436699578
"942",1.41,-62.0002522849849
"943",1.42,-81.1715506874874
"944",1.43,-57.7673790325978
"945",1.44,-57.7277698389797
"946",1.45,-54.6925965077833
"947",1.46,-50.567971520542
"948",1.47,-33.6795785474015
"949",1.48,-37.7587412348876
"950",1.49,-48.7139088788704
"951",1.5,-60.8509071513304
"952",1.51,-59.4225106487602
"953",1.52,-53.7122982226207
"954",1.53,-40.7848803855897
"955",1.54,-55.0339778745536
"956",1.55,-27.7516041863019
"957",1.56,-54.9492622416574
"958",1.57,-61.3514115070452
"959",1.58,-50.080071841135
"960",1.59,-23.4924807051448
"961",1.6,-40.5279982042312
"962",1.61,-47.5580396635765
"963",1.62,-43.7276940099317
"964",1.63,-48.1092361670971
"965",1.64,-34.2967659655973
"966",1.65,-52.9869793942108
"967",1.66,-42.9952827065204
"968",1.67,-57.4185524952932
"969",1.68,-24.9408669345167
"970",1.69,-63.7655316435766
"971",1.7,-41.6703758781572
"972",1.71,-47.7537945010546
"973",1.72,-33.8860580024506
"974",1.73,-40.7650778439521
"975",1.74,-48.8998203210924
"976",1.75,-44.3323384760657
"977",1.76,-29.8866982971378
"978",1.77,-28.8171489659257
"979",1.78,-41.2118356744298
"980",1.79,-41.6848736183594
"981",1.8,-38.8637998326493
"982",1.81,-33.5945167750862
"983",1.82,-49.2283984662454
"984",1.83,-50.4572797019557
"985",1.84,-46.369425365681
"986",1.85,-32.6735795370722
"987",1.86,-50.5454751944899
"988",1.87,-49.0811668819829
"989",1.88,-29.718713056283
"990",1.89,-27.1187504534986
"991",1.9,-16.8522908294875
"992",1.91,-48.3703019491142
"993",1.92,-35.7802341825379
"994",1.93,-44.3355388258483
"995",1.94,-39.2452201773232
"996",1.95,-34.8516726149862
"997",1.96,-33.802940329955
"998",1.97,-36.3707442880475
"999",1.98,-56.2388230267994
"1000",1.99,-19.8357975333329
"1001",2,-30.4019596959002
"1002",2.01,-16.0462214735024
"1003",2.02,-32.9789203228586
"1004",2.03,-52.3086818481478
"1005",2.04,-27.3770521192015
"1006",2.05,-28.2459525358141
"1007",2.06,-45.6430064617705
"1008",2.07,-25.0364598664894
"1009",2.08,-18.2334487639302
"1010",2.09,-47.4976993378505
"1011",2.1,-25.2209145425298
"1012",2.11,-29.5272436699471
"1013",2.12,-23.2108445230226
"1014",2.13,-20.7946887579687
"1015",2.14,-32.2778735155659
"1016",2.15,-26.9182914225788
"1017",2.16,-24.5297097814053
"1018",2.17,-26.3434713985216
"1019",2.18,-34.9757789190883
"1020",2.19,-23.4867570290398
"1021",2.2,-36.4581646271129
"1022",2.21,-19.180962285669
"1023",2.22,-47.670080286518
"1024",2.23,-31.0698825132223
"1025",2.24,-23.5816977212158
"1026",2.25,-26.9008825540415
"1027",2.26,-20.7997380217213
"1028",2.27,-32.0234162163805
"1029",2.28,-40.4136684251994
"1030",2.29,-20.483407401981
"1031",2.3,-37.4505835630108
"1032",2.31,-19.9994827625476
"1033",2.32,-32.3960859111037
"1034",2.33,-3.76603287634995
"1035",2.34,-29.1211011188775
"1036",2.35,-20.5171640939869
"1037",2.36,-7.03894434728256
"1038",2.37,-23.1951701126575
"1039",2.38,-31.654523770248
"1040",2.39,-26.194996643599
"1041",2.4,-36.8837137165944
"1042",2.41,-24.56471962467
"1043",2.42,-24.978484729364
"1044",2.43,-43.3651047208047
"1045",2.44,12.394891083844
"1046",2.45,-20.9017232182322
"1047",2.46,-31.2082196179032
"1048",2.47,-15.4464012395964
"1049",2.48,-14.7055515830765
"1050",2.49,-25.5563598403308
"1051",2.5,-10.1027760109019
"1052",2.51,-31.9218873359782
"1053",2.52,-27.0088636481851
"1054",2.53,-18.6147368211392
"1055",2.54,-12.4878482565324
"1056",2.55,-10.8743613519102
"1057",2.56,-10.1835573356262
"1058",2.57,-24.0107991621301
"1059",2.58,-20.423748138782
"1060",2.59,-16.3278119738312
"1061",2.6,-17.8734453694939
"1062",2.61,-32.5915041790056
"1063",2.62,-43.9398011221459
"1064",2.63,-17.7537173455822
"1065",2.64,-30.5742368713753
"1066",2.65,-26.129874443576
"1067",2.66,-23.0358865317644
"1068",2.67,-21.9291448757479
"1069",2.68,-7.30872130551465
"1070",2.69,-14.6751588917806
"1071",2.7,-23.5730457113833
"1072",2.71,-19.8895338089257
"1073",2.72,-6.73044051146778
"1074",2.73,-11.4666121627686
"1075",2.74,-7.45282466035316
"1076",2.75,-25.6288434592548
"1077",2.76,-22.2233268014096
"1078",2.77,-27.1893519544526
"1079",2.78,-34.0251070683634
"1080",2.79,-25.9263731683297
"1081",2.8,-40.231724451932
"1082",2.81,-34.8698753135895
"1083",2.82,-32.2820510358748
"1084",2.83,-27.5409310713715
"1085",2.84,-32.9464638674161
"1086",2.85,-27.1806140182151
"1087",2.86,-13.0324558155866
"1088",2.87,-14.3823608772504
"1089",2.88,-6.13391204353969
"1090",2.89,-39.4966703941154
"1091",2.9,-27.4934773718907
"1092",2.91,-16.8968712570814
"1093",2.92,-31.1763347713166
"1094",2.93,-42.1572762795019
"1095",2.94,-40.7753271257811
"1096",2.95,-42.1511354165627
"1097",2.96,-31.9970283845857
"1098",2.97,-23.0024530996922
"1099",2.98,-37.5426331742222
"1100",2.99,-41.3154071366961
"1101",3,-38.698358507036
"1102",3.01,-30.7632826163114
"1103",3.02,-38.1437566290745
"1104",3.03,-47.6118141186266
"1105",3.04,-45.9235747603074
"1106",3.05,-25.8416964646142
"1107",3.06,-38.3809007462872
"1108",3.07,-30.2309475355587
"1109",3.08,-23.6197930053836
"1110",3.09,-29.4656180427102
"1111",3.1,-31.7867592013543
"1112",3.11,-43.7381845421445
"1113",3.12,-39.8828701366646
"1114",3.13,-53.848022616445
"1115",3.14,-35.8069294650692
"1116",3.15,-33.3645284106533
"1117",3.16,-35.2193307811796
"1118",3.17,-31.5466295824399
"1119",3.18,-39.0174051650541
"1120",3.19,-48.2199268636467
"1121",3.2,-32.3326546344725
"1122",3.21,-22.1622860139456
"1123",3.22,-21.6691221706434
"1124",3.23,-57.846299834171
"1125",3.24,-34.4836372393996
"1126",3.25,-36.931512333228
"1127",3.26,-21.7215999368975
"1128",3.27,-31.3770189084491
"1129",3.28,-34.0867163070461
"1130",3.29,-26.4256639082693
"1131",3.3,-20.4135998467134
"1132",3.31,-26.2598008543634
"1133",3.32,-42.7914296004243
"1134",3.33,-27.7141161087437
"1135",3.34,-28.6233431136613
"1136",3.35,-24.5586914517837
"1137",3.36,-13.2163531144763
"1138",3.37,-19.718088765372
"1139",3.38,-14.9224166204961
"1140",3.39,-18.90357746428
"1141",3.4,-15.1483941649565
"1142",3.41,-23.9123033565919
"1143",3.42,-27.0172720286835
"1144",3.43,-31.2473722497045
"1145",3.44,-14.407843662995
"1146",3.45,-22.2465123020916
"1147",3.46,-17.8249521384401
"1148",3.47,-5.91080445692783
"1149",3.48,-13.9936785516621
"1150",3.49,-18.0506034843279
"1151",3.5,-2.22067600642254
"1152",3.51,-30.3592086180038
"1153",3.52,-6.40445461375687
"1154",3.53,-4.38367598803501
"1155",3.54,-7.32616148236048
"1156",3.55,-22.2815321707381
"1157",3.56,-8.31523679030295
"1158",3.57,-3.79149637573119
"1159",3.58,-1.61849730735277
"1160",3.59,5.46132967931433
"1161",3.6,-12.2288078644112
"1162",3.61,1.04160909396811
"1163",3.62,-6.83590308080395
"1164",3.63,3.87816668539637
"1165",3.64,-5.5060003115512
"1166",3.65,3.53802312777673
"1167",3.66,3.3895433304967
"1168",3.67,2.09999711049747
"1169",3.68,0.55670896885975
"1170",3.69,-2.69857990547083
"1171",3.7,1.05203921237804
"1172",3.71,14.5191489566232
"1173",3.72,5.10058535787256
"1174",3.73,20.8670047715625
"1175",3.74,12.284651659021
"1176",3.75,15.8600257686377
"1177",3.76,29.8170393481654
"1178",3.77,14.50258454785
"1179",3.78,22.2566004459497
"1180",3.79,28.1550564954595
"1181",3.8,23.0472240627328
"1182",3.81,27.6508240459276
"1183",3.82,6.16210755580141
"1184",3.83,16.7334485885849
"1185",3.84,19.5586806397041
"1186",3.85,26.2578521293624
"1187",3.86,10.1311935395865
"1188",3.87,20.6563493767994
"1189",3.88,35.7446124943882
"1190",3.89,11.7669264997565
"1191",3.9,33.7509180329943
"1192",3.91,28.5778097580427
"1193",3.92,40.8431955971616
"1194",3.93,21.065009012835
"1195",3.94,34.9447089816513
"1196",3.95,30.0013624625533
"1197",3.96,9.6992198775444
"1198",3.97,30.8689914011311
"1199",3.98,27.4398308344843
"1200",3.99,33.9835034329704
"1201",4,29.497106824013
"1202",4.01,30.4704714040861
"1203",4.02,39.6970557662519
"1204",4.03,33.029749257501
"1205",4.04,25.1565501992139
"1206",4.05,28.7726348302219
"1207",4.06,33.2490031647524
"1208",4.07,33.5990613656225
"1209",4.08,33.2909663661946
"1210",4.09,27.5177646598586
"1211",4.1,36.3025893924505
"1212",4.11,16.6019183538773
"1213",4.12,23.6233422836426
"1214",4.13,4.21566903261984
"1215",4.14,36.7437936750564
"1216",4.15,25.0342981318517
"1217",4.16,25.3260675777899
"1218",4.17,41.8686895231709
"1219",4.18,12.2734032560302
"1220",4.19,2.34702589912273
"1221",4.2,42.4138760777719
"1222",4.21,20.5777527451747
"1223",4.22,4.45465806917206
"1224",4.23,7.44327867065077
"1225",4.24,-0.0307634957108029
"1226",4.25,6.12774348651001
"1227",4.26,5.23068363966306
"1228",4.27,19.2626145881205
"1229",4.28,3.04815674197055
"1230",4.29,40.103553024004
"1231",4.3,20.5940239511017
"1232",4.31,11.5959783798268
"1233",4.32,10.3422640529203
"1234",4.33,16.7386086185811
"1235",4.34,14.6460129493506
"1236",4.35,3.32617674411694
"1237",4.36,15.7450457956708
"1238",4.37,19.0021185263504
"1239",4.38,-0.178961392918725
"1240",4.39,11.2111174500101
"1241",4.4,3.08842928026465
"1242",4.41,-0.28017693502188
"1243",4.42,1.46804135428417
"1244",4.43,-8.22343037663757
"1245",4.44,-15.5289155040183
"1246",4.45,6.97942627615511
"1247",4.46,-5.21094734273948
"1248",4.47,-13.4272466658918
"1249",4.48,-14.1536852478482
"1250",4.49,-21.5610019692129
"1251",4.5,-9.96714815200044
"1252",4.51,-0.158565889641213
"1253",4.52,-21.1393080037187
"1254",4.53,-13.9577467667841
"1255",4.54,-18.5336942089081
"1256",4.55,-14.9463422706212
"1257",4.56,-29.5013180135602
"1258",4.57,-30.9969833909913
"1259",4.58,-16.1649366686916
"1260",4.59,-27.8341441226774
"1261",4.6,-16.477316421775
"1262",4.61,-21.3114712078596
"1263",4.62,-12.9023314311374
"1264",4.63,-18.3525918714294
"1265",4.64,-26.0396607872638
"1266",4.65,-12.4313472938915
"1267",4.66,-31.4974459088723
"1268",4.67,-16.7830975622695
"1269",4.68,-34.9227979782644
"1270",4.69,-27.0376864573682
"1271",4.7,-29.1648493023748
"1272",4.71,-27.3797833509994
"1273",4.72,-47.0864900309681
"1274",4.73,-37.7833112594773
"1275",4.74,-17.161307113654
"1276",4.75,-21.7135425895989
"1277",4.76,-27.6951381033676
"1278",4.77,-28.1011539761674
"1279",4.78,-23.4866121164123
"1280",4.79,-31.8664980557483
"1281",4.8,-34.6824943347275
"1282",4.81,-33.1201297509977
"1283",4.82,-26.6600100758996
"1284",4.83,-50.6616420912177
"1285",4.84,-34.6634498220958
"1286",4.85,-43.5033061308166
"1287",4.86,-30.4347566008376
"1288",4.87,-31.8717582577873
"1289",4.88,-41.4059671985529
"1290",4.89,-26.496283529603
"1291",4.9,-33.8286467865644
"1292",4.91,-49.745166143145
"1293",4.92,-48.1020224817643
"1294",4.93,-47.443376405455
"1295",4.94,-17.426553820674
"1296",4.95,-42.0749523313776
"1297",4.96,-24.4585239007717
"1298",4.97,-22.7137628526902
"1299",4.98,-17.1692809765028
"1300",4.99,-6.60027216128631
"1301",5,-31.4700006307996
"1302",5.01,-44.7780845535632
"1303",5.02,-12.6377699736859
"1304",5.03,-48.4929827598478
"1305",5.04,-32.6231660620512
"1306",5.05,-38.7991457265916
"1307",5.06,-40.7361285412267
"1308",5.07,-40.1280625922153
"1309",5.08,-40.3732226175861
"1310",5.09,-39.7083954126315
"1311",5.1,-29.8461249780775
"1312",5.11,-44.9474200180661
"1313",5.12,-29.7326930618626
"1314",5.13,-31.8545744783873
"1315",5.14,-35.4128763885958
"1316",5.15,-38.8161500277838
"1317",5.16,-33.1184348179061
"1318",5.17,-36.6108487594996
"1319",5.18,-9.98569064014462
"1320",5.19,-38.7761794953912
"1321",5.2,-40.7612430228911
"1322",5.21,-23.0924663810955
"1323",5.22,-46.2908270972765
"1324",5.23,-48.2302135888683
"1325",5.24,-18.4590258310216
"1326",5.25,-25.1394115091455
"1327",5.26,-30.1784343191055
"1328",5.27,-8.93293283505789
"1329",5.28,-11.9099119055641
"1330",5.29,-42.1819337008209
"1331",5.3,-46.5308628438325
"1332",5.31,-51.2684095539797
"1333",5.32,-45.2855666262989
"1334",5.33,-20.6396811541345
"1335",5.34,-20.8866023571312
"1336",5.35,-25.0412826216895
"1337",5.36,-31.0688314532802
"1338",5.37,-39.7051206254683
"1339",5.38,-26.5722917846311
"1340",5.39,-32.71250478482
"1341",5.4,-25.6281296013676
"1342",5.41,-29.9491013572011
"1343",5.42,-26.3138362174255
"1344",5.43,-24.4789999873661
"1345",5.44,-21.6346645598598
"1346",5.45,-22.9630437173355
"1347",5.46,-23.4953176518156
"1348",5.47,-17.0742842631273
"1349",5.48,-23.8534984557167
"1350",5.49,-57.2139836164705
"1351",5.5,-13.1868647760277
"1352",5.51,-42.1786017800503
"1353",5.52,-37.9754543135598
"1354",5.53,-42.947918063244
"1355",5.54,-24.8599333597403
"1356",5.55,-45.8840028185954
"1357",5.56,-38.3081257257426
"1358",5.57,-0.868690784186541
"1359",5.58,-47.4103386651103
"1360",5.59,-48.8929301913975
"1361",5.6,-33.13583155575
"1362",5.61,-30.2980460586971
"1363",5.62,-41.0891731934934
"1364",5.63,-17.0815495852513
"1365",5.64,-42.9477298361026
"1366",5.65,-53.5635552326195
"1367",5.66,-44.7410111928867
"1368",5.67,-32.4598430515183
"1369",5.68,-38.298197125764
"1370",5.69,-49.8362659705185
"1371",5.7,-32.1922721057114
"1372",5.71,-53.209484576968
"1373",5.72,-30.7220498024168
"1374",5.73,-62.8858012133372
"1375",5.74,-25.9263644425458
"1376",5.75,-53.1790195879149
"1377",5.76,-48.2115334658903
"1378",5.77,-59.2695100266816
"1379",5.78,-42.4049675906831
"1380",5.79,-58.9107193235918
"1381",5.8,-46.2238501517562
"1382",5.81,-24.515839557977
"1383",5.82,-53.1635042740058
"1384",5.83,-60.7488221320605
"1385",5.84,-48.8455012858362
"1386",5.85,-41.0850724279262
"1387",5.86,-61.5938303146272
"1388",5.87,-46.9777648619565
"1389",5.88,-61.7287965239266
"1390",5.89,-58.4897300200231
"1391",5.9,-51.9031563416605
"1392",5.91,-57.5261575830431
"1393",5.92,-61.0807533061119
"1394",5.93,-51.8626932754192
"1395",5.94,-75.1437986871057
"1396",5.95,-63.1112186444602
"1397",5.96,-53.0736711398911
"1398",5.97,-50.4280057264927
"1399",5.98,-57.6334947497621
"1400",5.99,-63.3954982915929
"1401",6,-52.8177268399357
"1402",6.01,-60.4988346676754
"1403",6.02,-66.7565132915919
"1404",6.03,-49.6105878715296
"1405",6.04,-60.5003317849574
"1406",6.05,-57.1555671770476
"1407",6.06,-68.6288398283685
"1408",6.07,-53.6042316312176
"1409",6.08,-79.0564042888412
"1410",6.09,-77.5530719691195
"1411",6.1,-78.5123061811271
"1412",6.11,-51.4126634557821
"1413",6.12,-53.9583775511863
"1414",6.13,-72.4838585738237
"1415",6.14,-75.4159245968124
"1416",6.15,-57.3216067290107
"1417",6.16,-55.8152541847064
"1418",6.17,-86.179648545934
"1419",6.18,-84.1891596800562
"1420",6.19,-65.520786188642
"1421",6.2,-59.7685638714149
"1422",6.21,-67.8359763574262
"1423",6.22,-67.3364813776585
"1424",6.23,-70.8362079841108
"1425",6.24,-77.6883538047956
"1426",6.25,-92.1838515715109
"1427",6.26,-83.4245395887213
"1428",6.27,-77.6471956859066
"1429",6.28,-87.7322608981541
"1430",6.29,-76.7932773190159
"1431",6.3,-87.4459154110659
"1432",6.31,-96.2863275023961
"1433",6.32,-85.8746954275419
"1434",6.33,-78.3025178590408
"1435",6.34,-88.7689967897689
"1436",6.35,-89.3760199760434
"1437",6.36,-90.9403456152026
"1438",6.37,-80.6108114357079
"1439",6.38,-91.3300807183116
"1440",6.39,-76.7583604622317
"1441",6.4,-99.4303044862722
"1442",6.41,-105.083400541859
"1443",6.42,-90.8395180242299
"1444",6.43,-96.511593526468
"1445",6.44,-94.9814284854685
"1446",6.45,-89.6639244112549
"1447",6.46,-90.825911435665
"1448",6.47,-104.141037639776
"1449",6.48,-83.1983158686678
"1450",6.49,-98.2823091908181
"1451",6.5,-90.4758437732826
"1452",6.51,-82.4105705800711
"1453",6.52,-85.1084721340368
"1454",6.53,-100.155048709732
"1455",6.54,-106.517487052889
"1456",6.55,-111.384983549746
"1457",6.56,-101.188883575497
"1458",6.57,-112.482556380975
"1459",6.58,-98.8895591159867
"1460",6.59,-95.6582198986339
"1461",6.6,-102.827844677714
"1462",6.61,-109.044342857778
"1463",6.62,-115.171418355067
"1464",6.63,-117.853649307194
"1465",6.64,-109.746148455173
"1466",6.65,-119.482036814834
"1467",6.66,-103.99107231703
"1468",6.67,-109.356375179326
"1469",6.68,-133.133156661685
"1470",6.69,-111.062279617872
"1471",6.7,-120.459027933384
"1472",6.71,-137.642168329384
"1473",6.72,-122.596227615625
"1474",6.73,-138.052459960984
"1475",6.74,-117.679378531039
"1476",6.75,-118.833972923966
"1477",6.76,-109.196674738782
"1478",6.77,-126.866551129988
"1479",6.78,-120.286131280459
"1480",6.79,-119.21182440033
"1481",6.8,-124.567012409771
"1482",6.81,-134.262171407839
"1483",6.82,-126.090277488799
"1484",6.83,-127.311415160254
"1485",6.84,-131.778682050499
"1486",6.85,-131.446567661623
"1487",6.86,-144.955550120329
"1488",6.87,-138.646058265696
"1489",6.88,-149.017115108399
"1490",6.89,-151.484590155729
"1491",6.9,-142.56946593009
"1492",6.91,-153.124505265649
"1493",6.92,-149.338710353568
"1494",6.93,-148.428125319993
"1495",6.94,-159.22044947649
"1496",6.95,-115.142417131895
"1497",6.96,-154.844250569242
"1498",6.97,-140.696500044959
"1499",6.98,-161.499901625415
"1500",6.99,-149.232632132028
"1501",7,-117.217288470128
"1502",7.01,-150.416165658614
"1503",7.02,-150.04955372475
"1504",7.03,-144.005939071303
"1505",7.04,-160.815529307882
"1506",7.05,-148.742373827822
"1507",7.06,-153.84503851596
"1508",7.07,-141.90076042094
"1509",7.08,-140.173767217472
"1510",7.09,-139.925493550547
"1511",7.1,-128.802511596487
"1512",7.11,-141.918017298346
"1513",7.12,-142.306296762378
"1514",7.13,-150.796185933037
"1515",7.14,-157.546615914735
"1516",7.15,-146.393828297251
"1517",7.16,-151.207230537281
"1518",7.17,-139.622811163164
"1519",7.18,-144.887062223721
"1520",7.19,-141.791772313628
"1521",7.2,-138.401610258177
"1522",7.21,-155.311053394576
"1523",7.22,-134.843077743538
"1524",7.23,-137.203187557375
"1525",7.24,-145.483682437952
"1526",7.25,-122.33166667974
"1527",7.26,-135.162575438968
"1528",7.27,-112.468712090208
"1529",7.28,-132.31566826992
"1530",7.29,-122.982378418167
"1531",7.3,-122.268199104838
"1532",7.31,-124.125634316623
"1533",7.32,-133.115648336941
"1534",7.33,-127.364156621001
"1535",7.34,-103.570720374932
"1536",7.35,-125.482872551511
"1537",7.36,-115.94587182037
"1538",7.37,-120.575186269549
"1539",7.38,-107.35268620362
"1540",7.39,-115.365464335281
"1541",7.4,-108.16687748318
"1542",7.41,-103.513997475028
"1543",7.42,-92.5406384533941
"1544",7.43,-93.0844718956482
"1545",7.44,-89.7315135550929
"1546",7.45,-79.8142098429791
"1547",7.46,-84.4280453174388
"1548",7.47,-89.0484432850677
"1549",7.48,-77.8292777595475
"1550",7.49,-89.8825319792288
"1551",7.5,-73.5838821818314
"1552",7.51,-47.9616781914499
"1553",7.52,-74.6646737694273
"1554",7.53,-60.8175366052604
"1555",7.54,-77.5356137927465
"1556",7.55,-46.7762337883243
"1557",7.56,-38.585681050094
"1558",7.57,-51.6163931329386
"1559",7.58,-49.7084531248223
"1560",7.59,-51.1756997784622
"1561",7.6,-24.623576637386
"1562",7.61,-38.9697242967878
"1563",7.62,-34.74215776961
"1564",7.63,-13.9401297996425
"1565",7.64,-10.0276859953269
"1566",7.65,-17.5149225489294
"1567",7.66,-1.28554454033764
"1568",7.67,20.9737421382415
"1569",7.68,12.649054371044
"1570",7.69,14.2963086243217
"1571",7.7,17.8108385397097
"1572",7.71,24.2925885552263
"1573",7.72,46.9665245493786
"1574",7.73,29.2323817817874
"1575",7.74,42.2065362785707
"1576",7.75,53.3215697251737
"1577",7.76,72.9794081373451
"1578",7.77,68.5194391303364
"1579",7.78,79.7002117032341
"1580",7.79,93.9540979522692
"1581",7.8,92.9039639801712
"1582",7.81,100.011784952565
"1583",7.82,112.669057142514
"1584",7.83,115.750761508703
"1585",7.84,105.898851212009
"1586",7.85,129.498259519518
"1587",7.86,142.841287392602
"1588",7.87,153.96924115072
"1589",7.88,158.458772023774
"1590",7.89,172.900181001768
"1591",7.9,184.633410884407
"1592",7.91,190.570117713104
"1593",7.92,197.755599439833
"1594",7.93,205.346423707455
"1595",7.94,214.800602526102
"1596",7.95,223.742016503073
"1597",7.96,246.073137120069
"1598",7.97,240.039960047028
"1599",7.98,254.430509513092
"1600",7.99,291.591472293894
"1601",8,280.244456675804
